회수,단어,빈도수
제277회[정례회] (2017.11.01 ~ 2017.12.20),지방자치법,17.0
제277회[정례회] (2017.11.01 ~ 2017.12.20),방법,138.0
제277회[정례회] (2017.11.01 ~ 2017.12.20),교육방법,2.0
제277회[정례회] (2017.11.01 ~ 2017.12.20),헌법,3.0
제277회[정례회] (2017.11.01 ~ 2017.12.20),보호법,3.0
제277회[정례회] (2017.11.01 ~ 2017.12.20),편법,4.0
제277회[정례회] (2017.11.01 ~ 2017.12.20),김영란법,4.0
제277회[정례회] (2017.11.01 ~ 2017.12.20),사학법,11.0
제277회[정례회] (2017.11.01 ~ 2017.12.20),초ㆍ중등교육법,19.0
제277회[정례회] (2017.11.01 ~ 2017.12.20),사립학교법,23.0
제277회[정례회] (2017.11.01 ~ 2017.12.20),고등교육법,1.0
제277회[정례회] (2017.11.01 ~ 2017.12.20),불법,9.0
제277회[정례회] (2017.11.01 ~ 2017.12.20),합법,16.0
제277회[정례회] (2017.11.01 ~ 2017.12.20),청탁금지법,1.0
제277회[정례회] (2017.11.01 ~ 2017.12.20),유아교육법,3.0
제277회[정례회] (2017.11.01 ~ 2017.12.20),성폭력방지법,1.0
제277회[정례회] (2017.11.01 ~ 2017.12.20),영유아보육법,3.0
제277회[정례회] (2017.11.01 ~ 2017.12.20),지방재정법,7.0
제277회[정례회] (2017.11.01 ~ 2017.12.20),제법,8.0
제277회[정례회] (2017.11.01 ~ 2017.12.20),입법,7.0
제277회[정례회] (2017.11.01 ~ 2017.12.20),접근방법,1.0
제277회[정례회] (2017.11.01 ~ 2017.12.20),대법,12.0
제277회[정례회] (2017.11.01 ~ 2017.12.20),노동법,6.0
제277회[정례회] (2017.11.01 ~ 2017.12.20),독일헌법,1.0
제277회[정례회] (2017.11.01 ~ 2017.12.20),건축법,1.0
제277회[정례회] (2017.11.01 ~ 2017.12.20),공법,9.0
제277회[정례회] (2017.11.01 ~ 2017.12.20),자재공법,2.0
제277회[정례회] (2017.11.01 ~ 2017.12.20),교통법,2.0
제277회[정례회] (2017.11.01 ~ 2017.12.20),도로교통법,3.0
제277회[정례회] (2017.11.01 ~ 2017.12.20),도로법,1.0
제277회[정례회] (2017.11.01 ~ 2017.12.20),회계법,2.0
제277회[정례회] (2017.11.01 ~ 2017.12.20),행정법,5.0
제277회[정례회] (2017.11.01 ~ 2017.12.20),고등법,4.0
제277회[정례회] (2017.11.01 ~ 2017.12.20),서울고등법,3.0
제277회[정례회] (2017.11.01 ~ 2017.12.20),날치기수법,1.0
제277회[정례회] (2017.11.01 ~ 2017.12.20),사법,10.0
제277회[정례회] (2017.11.01 ~ 2017.12.20),계약법,6.0
제277회[정례회] (2017.11.01 ~ 2017.12.20),학교법,14.0
제277회[정례회] (2017.11.01 ~ 2017.12.20),지방공무원법,1.0
제277회[정례회] (2017.11.01 ~ 2017.12.20),공무원법,1.0
제277회[정례회] (2017.11.01 ~ 2017.12.20),초중등교육법,1.0
제277회[정례회] (2017.11.01 ~ 2017.12.20),관리법,5.0
제277회[정례회] (2017.11.01 ~ 2017.12.20),질의방법,3.0
제277회[정례회] (2017.11.01 ~ 2017.12.20),종교법,2.0
제277회[정례회] (2017.11.01 ~ 2017.12.20),개인법,1.0
제277회[정례회] (2017.11.01 ~ 2017.12.20),물품법,1.0
제277회[정례회] (2017.11.01 ~ 2017.12.20),지방계약법,2.0
제277회[정례회] (2017.11.01 ~ 2017.12.20),민법,1.0
제277회[정례회] (2017.11.01 ~ 2017.12.20),공익법,4.0
제277회[정례회] (2017.11.01 ~ 2017.12.20),비영리법,2.0
제277회[정례회] (2017.11.01 ~ 2017.12.20),재산명시방법,1.0
제277회[정례회] (2017.11.01 ~ 2017.12.20),압류방법,1.0
제277회[정례회] (2017.11.01 ~ 2017.12.20),관계법,1.0
제277회[정례회] (2017.11.01 ~ 2017.12.20),영농법,1.0
제277회[정례회] (2017.11.01 ~ 2017.12.20),근로기준법,6.0
제277회[정례회] (2017.11.01 ~ 2017.12.20),위법,3.0
제277회[정례회] (2017.11.01 ~ 2017.12.20),해결방법,1.0
제277회[정례회] (2017.11.01 ~ 2017.12.20),사단법,1.0
제277회[정례회] (2017.11.01 ~ 2017.12.20),서울행정법,1.0
제277회[정례회] (2017.11.01 ~ 2017.12.20),학교폭력예방법,2.0
제277회[정례회] (2017.11.01 ~ 2017.12.20),현행법,2.0
제277회[정례회] (2017.11.01 ~ 2017.12.20),학교폭력법,3.0
제277회[정례회] (2017.11.01 ~ 2017.12.20),학폭법,5.0
제277회[정례회] (2017.11.01 ~ 2017.12.20),용법,1.0
제277회[정례회] (2017.11.01 ~ 2017.12.20),자재ㆍ공법,1.0
제277회[정례회] (2017.11.01 ~ 2017.12.20),방수공법,1.0
제277회[정례회] (2017.11.01 ~ 2017.12.20),보강공법,1.0
제277회[정례회] (2017.11.01 ~ 2017.12.20),동법,2.0
제277회[정례회] (2017.11.01 ~ 2017.12.20),비영리공익법,1.0
제277회[정례회] (2017.11.01 ~ 2017.12.20),영법,1.0
제277회[정례회] (2017.11.01 ~ 2017.12.20),교육환경보호법,1.0
제277회[정례회] (2017.11.01 ~ 2017.12.20),특별법,1.0
제277회[정례회] (2017.11.01 ~ 2017.12.20),도서실법,1.0
제277회[정례회] (2017.11.01 ~ 2017.12.20),독서실법,1.0
제277회[정례회] (2017.11.01 ~ 2017.12.20),학원법,4.0
제277회[정례회] (2017.11.01 ~ 2017.12.20),범법,1.0
제277회[정례회] (2017.11.01 ~ 2017.12.20),평생학습법,2.0
제277회[정례회] (2017.11.01 ~ 2017.12.20),도서관법,1.0
제277회[정례회] (2017.11.01 ~ 2017.12.20),출연법,1.0
제277회[정례회] (2017.11.01 ~ 2017.12.20),재정법,1.0
제277회[정례회] (2017.11.01 ~ 2017.12.20),임대차보호법,1.0
제277회[정례회] (2017.11.01 ~ 2017.12.20),출판진흥법,1.0
제277회[정례회] (2017.11.01 ~ 2017.12.20),수법,1.0
제277회[정례회] (2017.11.01 ~ 2017.12.20),공중위생법,1.0
제277회[정례회] (2017.11.01 ~ 2017.12.20),개선방법,2.0
제277회[정례회] (2017.11.01 ~ 2017.12.20),공무원연금법,4.0
제277회[정례회] (2017.11.01 ~ 2017.12.20),소득세법,1.0
제277회[정례회] (2017.11.01 ~ 2017.12.20),작성기법,1.0
제277회[정례회] (2017.11.01 ~ 2017.12.20),평생교육법,1.0
제277회[정례회] (2017.11.01 ~ 2017.12.20),저작권법,2.0
제277회[정례회] (2017.11.01 ~ 2017.12.20),수업방법,2.0
제277회[정례회] (2017.11.01 ~ 2017.12.20),교수학습ㆍ평가방법,1.0
제277회[정례회] (2017.11.01 ~ 2017.12.20),사업소세법,1.0
제277회[정례회] (2017.11.01 ~ 2017.12.20),지방소득세법,1.0
제277회[정례회] (2017.11.01 ~ 2017.12.20),국민연금법,2.0
제277회[정례회] (2017.11.01 ~ 2017.12.20),학생자치법,1.0
제277회[정례회] (2017.11.01 ~ 2017.12.20),양성평등기본법,2.0
제277회[정례회] (2017.11.01 ~ 2017.12.20),양성평등법,1.0
제277회[정례회] (2017.11.01 ~ 2017.12.20),기법,1.0
제277회[정례회] (2017.11.01 ~ 2017.12.20),지도방법,1.0
제277회[정례회] (2017.11.01 ~ 2017.12.20),평가방법,2.0
제277회[정례회] (2017.11.01 ~ 2017.12.20),지출방법,1.0
제277회[정례회] (2017.11.01 ~ 2017.12.20),선정방법,1.0
제277회[정례회] (2017.11.01 ~ 2017.12.20),사회보장법,1.0
제277회[정례회] (2017.11.01 ~ 2017.12.20),한부모가족지원법,1.0
제277회[정례회] (2017.11.01 ~ 2017.12.20),보장법,1.0
제277회[정례회] (2017.11.01 ~ 2017.12.20),법무법,1.0
제277회[정례회] (2017.11.01 ~ 2017.12.20),설문지법,1.0
제277회[정례회] (2017.11.01 ~ 2017.12.20),측정방법,1.0
